<metadata xml:lang="en"><Esri><CreaDate>20220328</CreaDate><CreaTime>22155600</CreaTime><ArcGISFormat>1.0</ArcGISFormat><SyncOnce>FALSE</SyncOnce><DataProperties><lineage><Process ToolSource="c:\program files\arcgis\pro\Resources\ArcToolbox\toolboxes\Conversion Tools.tbx\FeatureClassToFeatureClass" Date="20220328" Time="221556">FeatureClassToFeatureClass CAL_Fishnet_Clip_FNL C:\Users\GHY\Desktop\02GIS\675_Midterm_GIS\675_Midterm_Edmonton.gdb CAL_Fishnet_Clip # "Dis_Stream "Dis_Stream" true true false 8 Double 0 0,First,#,CAL_Fishnet_Clip_FNL,CAL_Fishnet_Clip_FNL.Dis_Stream,-1,-1;Pct_Inun "Pct_Inun" true true false 8 Double 0 0,First,#,CAL_Fishnet_Clip_FNL,CAL_Fishnet_Clip_FNL.Pct_Inun,-1,-1;Pct_Built "Pct_Built" true true false 8 Double 0 0,First,#,CAL_Fishnet_Clip_FNL,CAL_Fishnet_Clip_FNL.Pct_Built,-1,-1;Pct_water "Pct_water" true true false 8 Double 0 0,First,#,CAL_Fishnet_Clip_FNL,CAL_Fishnet_Clip_FNL.Pct_water,-1,-1;Ave_Slope "MEAN" true true false 8 Double 0 0,First,#,CAL_Fishnet_Clip_FNL,CAL_Fishnet_Clip_FNL.Ave_Slope,-1,-1;Pct_BS "MEAN" true true false 8 Double 0 0,First,#,CAL_Fishnet_Clip_FNL,CAL_Fishnet_Clip_FNL.Pct_BS,-1,-1;Shape_Length "Shape_Length" false true true 8 Double 0 0,First,#,CAL_Fishnet_Clip_FNL,CAL_Fishnet_Clip_FNL.Shape_Length,-1,-1;Shape_Area "Shape_Area" false true true 8 Double 0 0,First,#,CAL_Fishnet_Clip_FNL,CAL_Fishnet_Clip_FNL.Shape_Area,-1,-1;OBJECTID "OBJECTID" false true false 4 Long 0 9,First,#,CAL_Fishnet_Clip_FNL,BS_CAL_Fis2.OBJECTID,-1,-1;OBJECTID_12 "OBJECTID_12" true true false 4 Long 0 0,First,#,CAL_Fishnet_Clip_FNL,BS_CAL_Fis2.OBJECTID_12,-1,-1;COUNT "COUNT" true true false 8 Double 0 0,First,#,CAL_Fishnet_Clip_FNL,BS_CAL_Fis2.COUNT,-1,-1;AREA "AREA" true true false 8 Double 0 0,First,#,CAL_Fishnet_Clip_FNL,BS_CAL_Fis2.AREA,-1,-1;MEAN "MEAN" true true false 8 Double 0 0,First,#,CAL_Fishnet_Clip_FNL,BS_CAL_Fis2.MEAN,-1,-1" #</Process><Process ToolSource="c:\program files\arcgis\pro\Resources\ArcToolbox\toolboxes\Data Management Tools.tbx\UpdateSchema" Date="20220328" Time="221637">UpdateSchema "CIMDATA=&lt;CIMStandardDataConnection xsi:type='typens:CIMStandardDataConnection' xmlns:xsi='http://www.w3.org/2001/XMLSchema-instance' xmlns:xs='http://www.w3.org/2001/XMLSchema' xmlns:typens='http://www.esri.com/schemas/ArcGIS/2.8.0'&gt;&lt;WorkspaceConnectionString&gt;DATABASE=C:\Users\GHY\Desktop\02GIS\675_Midterm_GIS\675_Midterm_Edmonton.gdb&lt;/WorkspaceConnectionString&gt;&lt;WorkspaceFactory&gt;FileGDB&lt;/WorkspaceFactory&gt;&lt;Dataset&gt;CAL_Fishnet_Clip&lt;/Dataset&gt;&lt;DatasetType&gt;esriDTFeatureClass&lt;/DatasetType&gt;&lt;/CIMStandardDataConnection&gt;" &lt;operationSequence&gt;&lt;workflow&gt;&lt;AlterField&gt;&lt;field_name&gt;MEAN&lt;/field_name&gt;&lt;new_field_name&gt;BS_YN&lt;/new_field_name&gt;&lt;field_is_nullable&gt;True&lt;/field_is_nullable&gt;&lt;clear_field_alias&gt;False&lt;/clear_field_alias&gt;&lt;/AlterField&gt;&lt;/workflow&gt;&lt;/operationSequence&gt;</Process><Process ToolSource="c:\program files\arcgis\pro\Resources\ArcToolbox\toolboxes\Data Management Tools.tbx\DeleteField" Date="20220328" Time="221645">DeleteField CAL_Fishnet_Clip OBJECTID;OBJECTID_12;COUNT;AREA</Process><Process ToolSource="c:\program files\arcgis\pro\Resources\ArcToolbox\toolboxes\Conversion Tools.tbx\FeatureClassToFeatureClass" Date="20220328" Time="221818">FeatureClassToFeatureClass CAL_Fishnet_Clip C:\Users\GHY\Box\PENN_22Spring\675_Midterm\03Export\CAL_Fish0328 CAL_Fishnet_Clip0328.shp # "Dis_Stream "Dis_Stream" true true false 8 Double 0 0,First,#,CAL_Fishnet_Clip,Dis_Stream,-1,-1;Pct_Inun "Pct_Inun" true true false 8 Double 0 0,First,#,CAL_Fishnet_Clip,Pct_Inun,-1,-1;Pct_Built "Pct_Built" true true false 8 Double 0 0,First,#,CAL_Fishnet_Clip,Pct_Built,-1,-1;Pct_water "Pct_water" true true false 8 Double 0 0,First,#,CAL_Fishnet_Clip,Pct_water,-1,-1;Ave_Slope "Ave_Slope" true true false 8 Double 0 0,First,#,CAL_Fishnet_Clip,Ave_Slope,-1,-1;Pct_BS "Pct_BS" true true false 8 Double 0 0,First,#,CAL_Fishnet_Clip,Pct_BS,-1,-1;BS_YN "BS_YN" true true false 8 Double 0 0,First,#,CAL_Fishnet_Clip,BS_YN,-1,-1;Shape_Length "Shape_Length" false true true 8 Double 0 0,First,#,CAL_Fishnet_Clip,Shape_Length,-1,-1;Shape_Area "Shape_Area" false true true 8 Double 0 0,First,#,CAL_Fishnet_Clip,Shape_Area,-1,-1" #</Process></lineage><itemProps><itemName Sync="TRUE">CAL_Fishnet_Clip0328</itemName><imsContentType Sync="TRUE">002</imsContentType><itemSize Sync="TRUE">0.000</itemSize><itemLocation><linkage Sync="TRUE">file://\\DESKTOP-ODRJSET\C$\Users\GHY\Box\PENN_22Spring\675_Midterm\03Export\CAL_Fish0328\CAL_Fishnet_Clip0328.shp</linkage><protocol Sync="TRUE">Local Area Network</protocol></itemLocation></itemProps><coordRef><type Sync="TRUE">Projected</type><geogcsn Sync="TRUE">GCS_WGS_1984</geogcsn><csUnits Sync="TRUE">Linear Unit: Meter (1.000000)</csUnits><projcsn Sync="TRUE">Calgary_3TM_WGS_1984_W114</projcsn><peXml Sync="TRUE">&lt;ProjectedCoordinateSystem xsi:type='typens:ProjectedCoordinateSystem' xmlns:xsi='http://www.w3.org/2001/XMLSchema-instance' xmlns:xs='http://www.w3.org/2001/XMLSchema' xmlns:typens='http://www.esri.com/schemas/ArcGIS/2.8.0'&gt;&lt;WKT&gt;PROJCS[&amp;quot;Calgary_3TM_WGS_1984_W114&amp;quot;,GEOGCS[&amp;quot;GCS_WGS_1984&amp;quot;,DATUM[&amp;quot;D_WGS_1984&amp;quot;,SPHEROID[&amp;quot;World_Geodetic_System_of_1984_GEM_10C&amp;quot;,6378137.0,298.257223563]],PRIMEM[&amp;quot;Greenwich&amp;quot;,0.0],UNIT[&amp;quot;Degree&amp;quot;,0.0174532925199433]],PROJECTION[&amp;quot;Transverse_Mercator&amp;quot;],PARAMETER[&amp;quot;false_easting&amp;quot;,0.0],PARAMETER[&amp;quot;false_northing&amp;quot;,0.0],PARAMETER[&amp;quot;central_meridian&amp;quot;,-114.0],PARAMETER[&amp;quot;scale_factor&amp;quot;,0.9999],PARAMETER[&amp;quot;latitude_of_origin&amp;quot;,0.0],UNIT[&amp;quot;Meter&amp;quot;,1.0]]&lt;/WKT&gt;&lt;XOrigin&gt;-5622600&lt;/XOrigin&gt;&lt;YOrigin&gt;-10001100&lt;/YOrigin&gt;&lt;XYScale&gt;450310428.58990461&lt;/XYScale&gt;&lt;ZOrigin&gt;-100000&lt;/ZOrigin&gt;&lt;ZScale&gt;10000&lt;/ZScale&gt;&lt;MOrigin&gt;-100000&lt;/MOrigin&gt;&lt;MScale&gt;10000&lt;/MScale&gt;&lt;XYTolerance&gt;0.001&lt;/XYTolerance&gt;&lt;ZTolerance&gt;0.001&lt;/ZTolerance&gt;&lt;MTolerance&gt;0.001&lt;/MTolerance&gt;&lt;HighPrecision&gt;true&lt;/HighPrecision&gt;&lt;/ProjectedCoordinateSystem&gt;</peXml></coordRef></DataProperties><SyncDate>20220328</SyncDate><SyncTime>22181300</SyncTime><ModDate>20220328</ModDate><ModTime>22181300</ModTime></Esri><dataIdInfo><envirDesc Sync="TRUE">Microsoft Windows 10 Version 10.0 (Build 19044) ; Esri ArcGIS 12.8.3.29751</envirDesc><dataLang><languageCode value="eng" Sync="TRUE"></languageCode><countryCode value="USA" Sync="TRUE"></countryCode></dataLang><idCitation><resTitle Sync="TRUE">CAL_Fishnet_Clip0328</resTitle><presForm><PresFormCd value="005" Sync="TRUE"></PresFormCd></presForm></idCitation><spatRpType><SpatRepTypCd value="001" Sync="TRUE"></SpatRepTypCd></spatRpType></dataIdInfo><mdLang><languageCode value="eng" Sync="TRUE"></languageCode><countryCode value="USA" Sync="TRUE"></countryCode></mdLang><distInfo><distFormat><formatName Sync="TRUE">Shapefile</formatName></distFormat><distTranOps><transSize Sync="TRUE">0.000</transSize></distTranOps></distInfo><mdHrLv><ScopeCd value="005" Sync="TRUE"></ScopeCd></mdHrLv><mdHrLvName Sync="TRUE">dataset</mdHrLvName><refSysInfo><RefSystem><refSysID><identCode code="0" Sync="TRUE"></identCode></refSysID></RefSystem></refSysInfo><spatRepInfo><VectSpatRep><geometObjs Name="CAL_Fishnet_Clip0328"><geoObjTyp><GeoObjTypCd value="002" Sync="TRUE"></GeoObjTypCd></geoObjTyp><geoObjCnt Sync="TRUE">0</geoObjCnt></geometObjs><topLvl><TopoLevCd value="001" Sync="TRUE"></TopoLevCd></topLvl></VectSpatRep></spatRepInfo><spdoinfo><ptvctinf><esriterm Name="CAL_Fishnet_Clip0328"><efeatyp Sync="TRUE">Simple</efeatyp><efeageom code="4" Sync="TRUE"></efeageom><esritopo Sync="TRUE">FALSE</esritopo><efeacnt Sync="TRUE">0</efeacnt><spindex Sync="TRUE">FALSE</spindex><linrefer Sync="TRUE">TRUE</linrefer></esriterm></ptvctinf></spdoinfo><eainfo><detailed Name="CAL_Fishnet_Clip0328"><enttyp><enttypl Sync="TRUE">CAL_Fishnet_Clip0328</enttypl><enttypt Sync="TRUE">Feature Class</enttypt><enttypc Sync="TRUE">0</enttypc></enttyp><attr><attrlabl Sync="TRUE">FID</attrlabl><attalias Sync="TRUE">FID</attalias><attrtype Sync="TRUE">OID</attrtype><attwidth Sync="TRUE">4</attwidth><atprecis Sync="TRUE">0</atprecis><attscale Sync="TRUE">0</attscale><attrdef Sync="TRUE">Internal feature number.</attrdef><attrdefs Sync="TRUE">Esri</attrdefs><attrdomv><udom Sync="TRUE">Sequential unique whole numbers that are automatically generated.</udom></attrdomv></attr><attr><attrlabl Sync="TRUE">Shape</attrlabl><attalias Sync="TRUE">Shape</attalias><attrtype Sync="TRUE">Geometry</attrtype><attwidth Sync="TRUE">0</attwidth><atprecis Sync="TRUE">0</atprecis><attscale Sync="TRUE">0</attscale><attrdef Sync="TRUE">Feature geometry.</attrdef><attrdefs Sync="TRUE">Esri</attrdefs><attrdomv><udom Sync="TRUE">Coordinates defining the features.</udom></attrdomv></attr><attr><attrlabl Sync="TRUE">Dis_Stream</attrlabl><attalias Sync="TRUE">Dis_Stream</attalias><attrtype Sync="TRUE">Double</attrtype><attwidth Sync="TRUE">19</attwidth><atprecis Sync="TRUE">0</atprecis><attscale Sync="TRUE">0</attscale></attr><attr><attrlabl Sync="TRUE">Pct_Inun</attrlabl><attalias Sync="TRUE">Pct_Inun</attalias><attrtype Sync="TRUE">Double</attrtype><attwidth Sync="TRUE">19</attwidth><atprecis Sync="TRUE">0</atprecis><attscale Sync="TRUE">0</attscale></attr><attr><attrlabl Sync="TRUE">Pct_Built</attrlabl><attalias Sync="TRUE">Pct_Built</attalias><attrtype Sync="TRUE">Double</attrtype><attwidth Sync="TRUE">19</attwidth><atprecis Sync="TRUE">0</atprecis><attscale Sync="TRUE">0</attscale></attr><attr><attrlabl Sync="TRUE">Pct_water</attrlabl><attalias Sync="TRUE">Pct_water</attalias><attrtype Sync="TRUE">Double</attrtype><attwidth Sync="TRUE">19</attwidth><atprecis Sync="TRUE">0</atprecis><attscale Sync="TRUE">0</attscale></attr><attr><attrlabl Sync="TRUE">Ave_Slope</attrlabl><attalias Sync="TRUE">Ave_Slope</attalias><attrtype Sync="TRUE">Double</attrtype><attwidth Sync="TRUE">19</attwidth><atprecis Sync="TRUE">0</atprecis><attscale Sync="TRUE">0</attscale></attr><attr><attrlabl Sync="TRUE">Pct_BS</attrlabl><attalias Sync="TRUE">Pct_BS</attalias><attrtype Sync="TRUE">Double</attrtype><attwidth Sync="TRUE">19</attwidth><atprecis Sync="TRUE">0</atprecis><attscale Sync="TRUE">0</attscale></attr><attr><attrlabl Sync="TRUE">BS_YN</attrlabl><attalias Sync="TRUE">BS_YN</attalias><attrtype Sync="TRUE">Double</attrtype><attwidth Sync="TRUE">19</attwidth><atprecis Sync="TRUE">0</atprecis><attscale Sync="TRUE">0</attscale></attr><attr><attrlabl Sync="TRUE">Shape_Leng</attrlabl><attalias Sync="TRUE">Shape_Leng</attalias><attrtype Sync="TRUE">Double</attrtype><attwidth Sync="TRUE">19</attwidth><atprecis Sync="TRUE">0</atprecis><attscale Sync="TRUE">0</attscale></attr><attr><attrlabl Sync="TRUE">Shape_Area</attrlabl><attalias Sync="TRUE">Shape_Area</attalias><attrtype Sync="TRUE">Double</attrtype><attwidth Sync="TRUE">19</attwidth><atprecis Sync="TRUE">0</atprecis><attscale Sync="TRUE">0</attscale><attrdef Sync="TRUE">Area of feature in internal units squared.</attrdef><attrdefs Sync="TRUE">Esri</attrdefs><attrdomv><udom Sync="TRUE">Positive real numbers that are automatically generated.</udom></attrdomv></attr></detailed></eainfo><mdDateSt Sync="TRUE">20220328</mdDateSt></metadata>
