<metadata xml:lang="en"><Esri><CreaDate>20220328</CreaDate><CreaTime>22510500</CreaTime><ArcGISFormat>1.0</ArcGISFormat><SyncOnce>FALSE</SyncOnce><DataProperties><lineage><Process ToolSource="c:\program files\arcgis\pro\Resources\ArcToolbox\toolboxes\Conversion Tools.tbx\FeatureClassToFeatureClass" Date="20220328" Time="225105">FeatureClassToFeatureClass Edmonton_FIshnet_Clip1 C:\Users\GHY\Desktop\02GIS\675_Midterm_GIS\675_Midterm_Edmonton.gdb Edmonton_FIshnet_Clip # "Ave_Slope "Ave_Slope" true true false 8 Double 0 0,First,#,Edmonton_FIshnet_Clip1,Edmonton_FIshnet_Clip1.Ave_Slope,-1,-1;Dis_Strm "Dis_Strm" true true false 8 Double 0 0,First,#,Edmonton_FIshnet_Clip1,Edmonton_FIshnet_Clip1.Dis_Strm,-1,-1;BS_YN "BS_YN" true true false 8 Double 0 0,First,#,Edmonton_FIshnet_Clip1,Edmonton_FIshnet_Clip1.BS_YN,-1,-1;Pct_BS "Pct_BS" true true false 8 Double 0 0,First,#,Edmonton_FIshnet_Clip1,Edmonton_FIshnet_Clip1.Pct_BS,-1,-1;Pct_Water "Pct_Water" true true false 8 Double 0 0,First,#,Edmonton_FIshnet_Clip1,Edmonton_FIshnet_Clip1.Pct_Water,-1,-1;Shape_Length "Shape_Length" false true true 8 Double 0 0,First,#,Edmonton_FIshnet_Clip1,Edmonton_FIshnet_Clip1.Shape_Length,-1,-1;Shape_Area "Shape_Area" false true true 8 Double 0 0,First,#,Edmonton_FIshnet_Clip1,Edmonton_FIshnet_Clip1.Shape_Area,-1,-1;OBJECTID "OBJECTID" false true false 4 Long 0 9,First,#,Edmonton_FIshnet_Clip1,Built_Edmonto6.OBJECTID,-1,-1;OBJECTID_1 "OBJECTID_1" true true false 4 Long 0 0,First,#,Edmonton_FIshnet_Clip1,Built_Edmonto6.OBJECTID_1,-1,-1;COUNT "COUNT" true true false 8 Double 0 0,First,#,Edmonton_FIshnet_Clip1,Built_Edmonto6.COUNT,-1,-1;AREA "AREA" true true false 8 Double 0 0,First,#,Edmonton_FIshnet_Clip1,Built_Edmonto6.AREA,-1,-1;MEAN "MEAN" true true false 8 Double 0 0,First,#,Edmonton_FIshnet_Clip1,Built_Edmonto6.MEAN,-1,-1" #</Process><Process ToolSource="c:\program files\arcgis\pro\Resources\ArcToolbox\toolboxes\Data Management Tools.tbx\DeleteField" Date="20220328" Time="225134">DeleteField Edmonton_FIshnet_Clip OBJECTID</Process><Process ToolSource="c:\program files\arcgis\pro\Resources\ArcToolbox\toolboxes\Data Management Tools.tbx\DeleteField" Date="20220328" Time="225140">DeleteField Edmonton_FIshnet_Clip OBJECTID_1;COUNT;AREA</Process><Process ToolSource="c:\program files\arcgis\pro\Resources\ArcToolbox\toolboxes\Data Management Tools.tbx\UpdateSchema" Date="20220328" Time="225211">UpdateSchema "CIMDATA=&lt;CIMStandardDataConnection xsi:type='typens:CIMStandardDataConnection' xmlns:xsi='http://www.w3.org/2001/XMLSchema-instance' xmlns:xs='http://www.w3.org/2001/XMLSchema' xmlns:typens='http://www.esri.com/schemas/ArcGIS/2.8.0'&gt;&lt;WorkspaceConnectionString&gt;DATABASE=C:\Users\GHY\Desktop\02GIS\675_Midterm_GIS\675_Midterm_Edmonton.gdb&lt;/WorkspaceConnectionString&gt;&lt;WorkspaceFactory&gt;FileGDB&lt;/WorkspaceFactory&gt;&lt;Dataset&gt;Edmonton_FIshnet_Clip&lt;/Dataset&gt;&lt;DatasetType&gt;esriDTFeatureClass&lt;/DatasetType&gt;&lt;/CIMStandardDataConnection&gt;" &lt;operationSequence&gt;&lt;workflow&gt;&lt;AlterField&gt;&lt;field_name&gt;MEAN&lt;/field_name&gt;&lt;new_field_name&gt;Pct_Built&lt;/new_field_name&gt;&lt;field_is_nullable&gt;True&lt;/field_is_nullable&gt;&lt;clear_field_alias&gt;False&lt;/clear_field_alias&gt;&lt;/AlterField&gt;&lt;/workflow&gt;&lt;/operationSequence&gt;</Process><Process ToolSource="c:\program files\arcgis\pro\Resources\ArcToolbox\toolboxes\Conversion Tools.tbx\FeatureClassToFeatureClass" Date="20220328" Time="225313">FeatureClassToFeatureClass Edmonton_FIshnet_Clip C:\Users\GHY\Box\PENN_22Spring\675_Midterm\03Export\Edmont_Fish0328 Edmonton_FIsh0328.shp # "Ave_Slope "Ave_Slope" true true false 8 Double 0 0,First,#,Edmonton_FIshnet_Clip,Ave_Slope,-1,-1;Dis_Strm "Dis_Strm" true true false 8 Double 0 0,First,#,Edmonton_FIshnet_Clip,Dis_Strm,-1,-1;BS_YN "BS_YN" true true false 8 Double 0 0,First,#,Edmonton_FIshnet_Clip,BS_YN,-1,-1;Pct_BS "Pct_BS" true true false 8 Double 0 0,First,#,Edmonton_FIshnet_Clip,Pct_BS,-1,-1;Pct_Water "Pct_Water" true true false 8 Double 0 0,First,#,Edmonton_FIshnet_Clip,Pct_Water,-1,-1;Pct_Built "Pct_Built" true true false 8 Double 0 0,First,#,Edmonton_FIshnet_Clip,Pct_Built,-1,-1;Shape_Length "Shape_Length" false true true 8 Double 0 0,First,#,Edmonton_FIshnet_Clip,Shape_Length,-1,-1;Shape_Area "Shape_Area" false true true 8 Double 0 0,First,#,Edmonton_FIshnet_Clip,Shape_Area,-1,-1" #</Process></lineage><itemProps><itemName Sync="TRUE">Edmonton_FIsh0328</itemName><imsContentType Sync="TRUE">002</imsContentType><itemSize Sync="TRUE">0.000</itemSize><itemLocation><linkage Sync="TRUE">file://\\DESKTOP-ODRJSET\C$\Users\GHY\Box\PENN_22Spring\675_Midterm\03Export\Edmont_Fish0328\Edmonton_FIsh0328.shp</linkage><protocol Sync="TRUE">Local Area Network</protocol></itemLocation></itemProps><coordRef><type Sync="TRUE">Geographic</type><geogcsn Sync="TRUE">GCS_WGS_1984</geogcsn><csUnits Sync="TRUE">Angular Unit: Degree (0.017453)</csUnits><peXml Sync="TRUE">&lt;GeographicCoordinateSystem xsi:type='typens:GeographicCoordinateSystem' xmlns:xsi='http://www.w3.org/2001/XMLSchema-instance' xmlns:xs='http://www.w3.org/2001/XMLSchema' xmlns:typens='http://www.esri.com/schemas/ArcGIS/2.8.0'&gt;&lt;WKT&gt;GEOGCS[&amp;quot;GCS_WGS_1984&amp;quot;,DATUM[&amp;quot;D_WGS_1984&amp;quot;,SPHEROID[&amp;quot;WGS_1984&amp;quot;,6378137.0,298.257223563]],PRIMEM[&amp;quot;Greenwich&amp;quot;,0.0],UNIT[&amp;quot;Degree&amp;quot;,0.0174532925199433],AUTHORITY[&amp;quot;EPSG&amp;quot;,4326]]&lt;/WKT&gt;&lt;XOrigin&gt;-400&lt;/XOrigin&gt;&lt;YOrigin&gt;-400&lt;/YOrigin&gt;&lt;XYScale&gt;11258999068426.238&lt;/XYScale&gt;&lt;ZOrigin&gt;-100000&lt;/ZOrigin&gt;&lt;ZScale&gt;10000&lt;/ZScale&gt;&lt;MOrigin&gt;-100000&lt;/MOrigin&gt;&lt;MScale&gt;10000&lt;/MScale&gt;&lt;XYTolerance&gt;8.983152841195215e-09&lt;/XYTolerance&gt;&lt;ZTolerance&gt;0.001&lt;/ZTolerance&gt;&lt;MTolerance&gt;0.001&lt;/MTolerance&gt;&lt;HighPrecision&gt;true&lt;/HighPrecision&gt;&lt;LeftLongitude&gt;-180&lt;/LeftLongitude&gt;&lt;WKID&gt;4326&lt;/WKID&gt;&lt;LatestWKID&gt;4326&lt;/LatestWKID&gt;&lt;/GeographicCoordinateSystem&gt;</peXml></coordRef></DataProperties><SyncDate>20220328</SyncDate><SyncTime>22531100</SyncTime><ModDate>20220328</ModDate><ModTime>22531100</ModTime></Esri><dataIdInfo><envirDesc Sync="TRUE">Microsoft Windows 10 Version 10.0 (Build 19044) ; Esri ArcGIS 12.8.3.29751</envirDesc><dataLang><languageCode value="eng" Sync="TRUE"></languageCode><countryCode value="USA" Sync="TRUE"></countryCode></dataLang><idCitation><resTitle Sync="TRUE">Edmonton_FIsh0328</resTitle><presForm><PresFormCd value="005" Sync="TRUE"></PresFormCd></presForm></idCitation><spatRpType><SpatRepTypCd value="001" Sync="TRUE"></SpatRepTypCd></spatRpType></dataIdInfo><mdLang><languageCode value="eng" Sync="TRUE"></languageCode><countryCode value="USA" Sync="TRUE"></countryCode></mdLang><distInfo><distFormat><formatName Sync="TRUE">Shapefile</formatName></distFormat><distTranOps><transSize Sync="TRUE">0.000</transSize></distTranOps></distInfo><mdHrLv><ScopeCd value="005" Sync="TRUE"></ScopeCd></mdHrLv><mdHrLvName Sync="TRUE">dataset</mdHrLvName><refSysInfo><RefSystem><refSysID><identCode code="4326" Sync="TRUE"></identCode><idCodeSpace Sync="TRUE">EPSG</idCodeSpace><idVersion Sync="TRUE">6.2(3.0.1)</idVersion></refSysID></RefSystem></refSysInfo><spatRepInfo><VectSpatRep><geometObjs Name="Edmonton_FIsh0328"><geoObjTyp><GeoObjTypCd value="002" Sync="TRUE"></GeoObjTypCd></geoObjTyp><geoObjCnt Sync="TRUE">0</geoObjCnt></geometObjs><topLvl><TopoLevCd value="001" Sync="TRUE"></TopoLevCd></topLvl></VectSpatRep></spatRepInfo><spdoinfo><ptvctinf><esriterm Name="Edmonton_FIsh0328"><efeatyp Sync="TRUE">Simple</efeatyp><efeageom code="4" Sync="TRUE"></efeageom><esritopo Sync="TRUE">FALSE</esritopo><efeacnt Sync="TRUE">0</efeacnt><spindex Sync="TRUE">FALSE</spindex><linrefer Sync="TRUE">FALSE</linrefer></esriterm></ptvctinf></spdoinfo><eainfo><detailed Name="Edmonton_FIsh0328"><enttyp><enttypl Sync="TRUE">Edmonton_FIsh0328</enttypl><enttypt Sync="TRUE">Feature Class</enttypt><enttypc Sync="TRUE">0</enttypc></enttyp><attr><attrlabl Sync="TRUE">FID</attrlabl><attalias Sync="TRUE">FID</attalias><attrtype Sync="TRUE">OID</attrtype><attwidth Sync="TRUE">4</attwidth><atprecis Sync="TRUE">0</atprecis><attscale Sync="TRUE">0</attscale><attrdef Sync="TRUE">Internal feature number.</attrdef><attrdefs Sync="TRUE">Esri</attrdefs><attrdomv><udom Sync="TRUE">Sequential unique whole numbers that are automatically generated.</udom></attrdomv></attr><attr><attrlabl Sync="TRUE">Shape</attrlabl><attalias Sync="TRUE">Shape</attalias><attrtype Sync="TRUE">Geometry</attrtype><attwidth Sync="TRUE">0</attwidth><atprecis Sync="TRUE">0</atprecis><attscale Sync="TRUE">0</attscale><attrdef Sync="TRUE">Feature geometry.</attrdef><attrdefs Sync="TRUE">Esri</attrdefs><attrdomv><udom Sync="TRUE">Coordinates defining the features.</udom></attrdomv></attr><attr><attrlabl Sync="TRUE">Ave_Slope</attrlabl><attalias Sync="TRUE">Ave_Slope</attalias><attrtype Sync="TRUE">Double</attrtype><attwidth Sync="TRUE">19</attwidth><atprecis Sync="TRUE">0</atprecis><attscale Sync="TRUE">0</attscale></attr><attr><attrlabl Sync="TRUE">Dis_Strm</attrlabl><attalias Sync="TRUE">Dis_Strm</attalias><attrtype Sync="TRUE">Double</attrtype><attwidth Sync="TRUE">19</attwidth><atprecis Sync="TRUE">0</atprecis><attscale Sync="TRUE">0</attscale></attr><attr><attrlabl Sync="TRUE">BS_YN</attrlabl><attalias Sync="TRUE">BS_YN</attalias><attrtype Sync="TRUE">Double</attrtype><attwidth Sync="TRUE">19</attwidth><atprecis Sync="TRUE">0</atprecis><attscale Sync="TRUE">0</attscale></attr><attr><attrlabl Sync="TRUE">Pct_BS</attrlabl><attalias Sync="TRUE">Pct_BS</attalias><attrtype Sync="TRUE">Double</attrtype><attwidth Sync="TRUE">19</attwidth><atprecis Sync="TRUE">0</atprecis><attscale Sync="TRUE">0</attscale></attr><attr><attrlabl Sync="TRUE">Pct_Water</attrlabl><attalias Sync="TRUE">Pct_Water</attalias><attrtype Sync="TRUE">Double</attrtype><attwidth Sync="TRUE">19</attwidth><atprecis Sync="TRUE">0</atprecis><attscale Sync="TRUE">0</attscale></attr><attr><attrlabl Sync="TRUE">Pct_Built</attrlabl><attalias Sync="TRUE">Pct_Built</attalias><attrtype Sync="TRUE">Double</attrtype><attwidth Sync="TRUE">19</attwidth><atprecis Sync="TRUE">0</atprecis><attscale Sync="TRUE">0</attscale></attr><attr><attrlabl Sync="TRUE">Shape_Leng</attrlabl><attalias Sync="TRUE">Shape_Leng</attalias><attrtype Sync="TRUE">Double</attrtype><attwidth Sync="TRUE">19</attwidth><atprecis Sync="TRUE">0</atprecis><attscale Sync="TRUE">0</attscale></attr><attr><attrlabl Sync="TRUE">Shape_Area</attrlabl><attalias Sync="TRUE">Shape_Area</attalias><attrtype Sync="TRUE">Double</attrtype><attwidth Sync="TRUE">19</attwidth><atprecis Sync="TRUE">0</atprecis><attscale Sync="TRUE">0</attscale><attrdef Sync="TRUE">Area of feature in internal units squared.</attrdef><attrdefs Sync="TRUE">Esri</attrdefs><attrdomv><udom Sync="TRUE">Positive real numbers that are automatically generated.</udom></attrdomv></attr></detailed></eainfo><mdDateSt Sync="TRUE">20220328</mdDateSt></metadata>
